id,department
49,"Cowan, Cook and Campos"
51,"Johnson, Flores and Peters"
21,"Terry, Choi and Berry"
84,Flores-Mitchell
29,"Shepard, Herman and Keith"
70,"Cobb, Thomas and Beck"
26,Murphy and Sons
59,Allen Ltd
100,Arellano-Stephens
55,Wong LLC
55,Martinez-Cook
59,Morrison PLC
23,Webb-Griffin
97,Garcia Inc
93,Solis Group
2,"Rice, Casey and Montoya"
94,Carpenter LLC
21,Becker-Miller
67,"Wilson, Parks and Downs"
22,"Diaz, Stein and Lopez"
30,"Rowe, Brown and Davis"
84,"Washington, Robinson and Shelton"
69,"Barnes, Ramsey and Jacobs"
18,"Conley, Robinson and Smith"
8,"Gonzales, Pierce and Miller"
28,Strickland-Johnson
51,Gonzalez-Campbell
94,"Adams, Wu and Lyons"
13,"Cox, Poole and Michael"
67,Johnson Group
37,"Jensen, Shepard and Spence"
55,Prince-Martinez
17,Hernandez PLC
42,"Garcia, Schmidt and Garner"
64,"Hill, Nelson and Anderson"
48,"Smith, Smith and Cooper"
7,Stafford-Farmer
94,Roman-Davis
39,"Reyes, Fernandez and Hubbard"
21,Hernandez Group
18,Ross-Barber
24,Lewis Ltd
6,Daniel-Taylor
65,Hill and Sons
94,Burke Inc
100,Edwards Ltd
56,Irwin-Cordova
100,Compton Inc
27,"Gonzalez, Bartlett and Summers"
95,"Jensen, Whitehead and Coleman"
89,Hansen-Moses
40,Santos-Barker
29,Shah-Townsend
65,Russo-Day
32,"Garza, Caldwell and Mclaughlin"
47,Yates and Sons
20,Wong-West
36,Swanson-Freeman
19,Suarez-Sullivan
12,Carrillo and Sons
27,Fischer and Sons
81,"Obrien, Miller and Dalton"
3,"Hernandez, Mills and Saunders"
26,Alvarado Ltd
61,Gray LLC
17,Kane LLC
58,Mathews PLC
63,Miller-Ford
16,Rodgers-Wiggins
59,Parks LLC
24,Hurst-Barrett
89,Smith PLC
60,"Cooper, Holland and Rodriguez"
14,Beltran-Anderson
98,Cook-Joseph
88,Nguyen-Jackson
85,Nelson-Anderson
25,Fox-Mcdaniel
61,"Smith, Carr and Freeman"
31,"Wilson, Hansen and Valdez"
60,"Roberts, Smith and Mclaughlin"
72,Alvarez-Arnold
66,Clark LLC
27,"Hamilton, Jennings and Smith"
52,"Garcia, Blair and Zhang"
15,"Grant, Perez and Snyder"
17,"Schmidt, Banks and Daniels"
92,"Howard, Franklin and Jones"
96,Carter-Kaiser
7,Becker-Gonzalez
52,Nelson-Scott
68,"Rios, Barber and Wolfe"
79,Ball-Chavez
44,Myers PLC
84,Washington PLC
93,Hudson-Ford
73,"Ramsey, Aguilar and Anderson"
38,"Mcintosh, Harrington and Dodson"
70,Campbell-Bell
38,"Joseph, Brewer and Moore"
